City_ID,City,Country,Lat,Lng,Max Temp,Humidity,Cloudiness,Wind Speed,Current Description
0,Ushuaia,AR,-54.8,-68.3,46.4,57,75,33.38,broken clouds
1,Kapaa,US,22.0752,-159.319,72.0,83,90,26.46,light rain
2,Rikitea,PF,-23.1203,-134.9692,80.4,74,39,8.46,scattered clouds
3,Bredasdorp,ZA,-34.5322,20.0403,64.4,94,13,3.44,few clouds
4,Karratha,AU,-20.7377,116.8463,81.28,62,31,12.68,scattered clouds
5,Srednekolymsk,RU,67.45,153.6833,-21.08,98,77,3.62,broken clouds
6,Kiama,AU,-34.6833,150.8667,64.99,92,100,3.0,light rain
7,Kidsgrove,GB,53.0869,-2.2378,44.01,80,73,1.99,broken clouds
8,Lokosovo,RU,61.1333,74.8167,11.84,95,97,10.92,overcast clouds
9,Richards Bay,ZA,-28.783,32.0377,74.89,82,0,13.47,clear sky
10,Ginda,IN,30.6945,78.4932,50.02,22,40,5.91,scattered clouds
11,Cidreira,BR,-30.1811,-50.2056,74.16,83,4,10.18,clear sky
12,Bathsheba,BB,13.2167,-59.5167,78.8,69,20,12.66,few clouds
13,Bhawanipatna,IN,19.9,83.1667,71.29,45,0,3.91,clear sky
14,Yeppoon,AU,-23.1333,150.7333,78.8,69,40,5.75,scattered clouds
15,Hithadhoo,MV,-0.6,73.0833,83.95,67,12,8.48,few clouds
16,Avarua,CK,-21.2078,-159.775,84.2,70,62,9.22,broken clouds
17,Tuktoyaktuk,CA,69.4541,-133.0374,-11.2,77,90,2.3,overcast clouds
18,Raga,SS,8.4596,25.678,77.79,33,50,0.87,scattered clouds
19,Tabou,CI,4.423,-7.3528,78.91,87,100,10.02,moderate rain
20,Huangmei,CN,30.1924,116.025,50.74,88,0,2.98,clear sky
21,Severo-Kurilsk,RU,50.6789,156.125,30.22,77,29,9.48,scattered clouds
22,Victoria,HK,22.2855,114.1577,69.01,85,49,1.01,scattered clouds
23,Butaritari,KI,3.0707,172.7902,80.56,80,72,12.15,light rain
24,Mataura,NZ,-46.1927,168.8643,68.0,57,2,8.99,clear sky
25,Santiago,CL,-33.4569,-70.6483,81.0,44,20,6.91,few clouds
26,Hermanus,ZA,-34.4187,19.2345,68.0,90,9,4.0,clear sky
27,Thompson,CA,55.7435,-97.8558,19.4,49,20,11.5,snow
28,Bluff,NZ,-46.6,168.3333,68.0,57,4,8.99,clear sky
29,Esperance,AU,-33.8667,121.9,50.0,76,50,5.75,scattered clouds
30,Haimen,CN,23.1935,116.6142,62.6,77,75,6.71,broken clouds
31,Mar Del Plata,AR,-38.0023,-57.5575,70.0,73,20,10.36,few clouds
32,Mahebourg,MU,-20.4081,57.7,80.6,83,40,6.91,light rain
33,Albany,US,42.6001,-73.9662,41.0,28,43,9.35,scattered clouds
34,Caravelas,BR,-17.7125,-39.2481,76.08,80,0,5.97,clear sky
35,Punta Arenas,CL,-53.15,-70.9167,51.01,46,20,17.27,few clouds
36,Nouadhibou,MR,20.931,-17.0347,68.0,60,0,12.66,clear sky
37,Cabedelo,BR,-6.9811,-34.8339,80.6,78,20,9.22,few clouds
38,Busselton,AU,-33.65,115.3333,50.0,94,0,11.65,clear sky
39,Lorengau,PG,-2.0226,147.2712,82.96,67,14,2.19,few clouds
40,Tasiilaq,GL,65.6145,-37.6368,24.8,80,90,18.41,snow
41,Saint Anthony,US,45.0205,-93.218,59.0,29,1,12.66,clear sky
42,Castro,BR,-24.7911,-50.0119,68.81,70,33,1.97,scattered clouds
43,Faya,SA,18.3851,42.4509,66.2,48,0,4.7,haze
44,Tateyama,JP,34.9833,139.8667,55.4,44,75,25.32,broken clouds
45,Bagan,RU,54.1001,77.6646,-6.48,98,59,9.93,broken clouds
46,Faanui,PF,-16.4833,-151.75,82.87,72,62,14.61,light rain
47,Cherskiy,RU,68.75,161.3,-6.2,96,100,17.0,light snow
48,Saint-Pierre,RE,-21.3393,55.4781,75.2,73,0,5.75,clear sky
49,Vila Velha,BR,-20.3297,-40.2925,84.0,78,0,10.36,clear sky
50,Pirapo,PY,-26.85,-55.5333,89.6,27,0,8.05,light rain
51,Cape Town,ZA,-33.9258,18.4232,66.99,88,75,5.75,light rain
52,Vaini,TO,-21.2,-175.2,77.0,88,75,6.91,broken clouds
53,Kaitangata,NZ,-46.2817,169.8464,58.95,61,1,4.03,clear sky
54,Lakatoro,VU,-16.0999,167.4164,81.68,79,96,9.64,overcast clouds
55,Chokurdakh,RU,70.6333,147.9167,-20.54,92,0,4.29,clear sky
56,Arraial Do Cabo,BR,-22.9661,-42.0278,80.6,89,0,6.91,clear sky
57,Hovd,MN,48.0056,91.6419,18.03,19,100,0.2,overcast clouds
58,Yellowknife,CA,62.456,-114.3525,0.0,60,90,6.91,overcast clouds
59,Wajima,JP,37.4,136.9,44.51,67,88,15.73,overcast clouds
60,Lima,PE,-12.0432,-77.0282,80.01,73,0,10.36,clear sky
61,Sosnovo-Ozerskoye,RU,52.5249,111.5418,24.22,74,100,4.5,overcast clouds
62,Hobart,AU,-42.8794,147.3294,51.01,62,20,9.22,few clouds
63,Canicatti,IT,37.3589,13.8504,48.99,81,3,3.0,clear sky
64,Qiyang,CN,26.5911,111.8474,56.57,90,15,0.92,few clouds
65,Tsaratanana,MG,-16.7833,47.65,69.58,82,1,7.05,clear sky
66,Iracoubo,GF,5.4802,-53.2011,77.41,86,83,9.17,broken clouds
67,Barrow,US,71.2906,-156.7887,-4.0,65,1,16.11,clear sky
68,Ohara,JP,35.25,140.3833,55.0,54,75,12.66,broken clouds
69,Chota,PE,-6.55,-78.65,64.4,59,20,8.05,light rain
70,Tuatapere,NZ,-46.1333,167.6833,68.0,57,0,8.99,clear sky
71,Port Elizabeth,ZA,-33.918,25.5701,71.6,64,75,9.22,broken clouds
72,Bengkulu,ID,-3.8004,102.2655,75.9,79,100,3.85,overcast clouds
73,Hilo,US,19.7297,-155.09,71.6,83,90,9.22,moderate rain
74,Khatanga,RU,71.9667,102.5,-20.85,94,64,13.13,broken clouds
75,Puerto Ayora,EC,-0.7393,-90.3518,82.99,74,40,6.91,light rain
76,Ngunguru,NZ,-35.6167,174.5,73.0,65,0,5.01,clear sky
77,Sri Aman,MY,1.2376,111.4621,75.2,100,55,0.29,heavy intensity rain
78,Sao Filipe,CV,14.8961,-24.4956,71.1,75,0,4.85,clear sky
79,Lagoa,PT,39.05,-27.9833,59.95,84,11,26.78,few clouds
80,Saint George,US,37.1041,-113.5841,48.99,66,1,4.61,clear sky
81,Zunyi,CN,27.6867,106.9072,58.06,93,89,3.38,overcast clouds
82,Lompoc,US,34.6391,-120.4579,55.4,67,90,13.8,overcast clouds
83,Qaanaaq,GL,77.484,-69.3632,-1.35,64,100,7.43,overcast clouds
84,Behbahan,IR,30.5959,50.2417,48.2,76,0,4.45,clear sky
85,Dalian,CN,38.9122,121.6022,30.2,93,1,4.47,mist
86,Geraldton,AU,-28.7667,114.6,71.6,37,0,27.63,clear sky
87,Padang,ID,-0.9492,100.3543,75.2,94,75,4.14,broken clouds
88,Atuona,PF,-9.8,-139.0333,79.18,62,49,4.7,scattered clouds
89,Tocopilla,CL,-22.092,-70.1979,72.1,76,18,7.14,few clouds
90,Gat,IL,31.61,34.7642,55.99,73,0,3.2,clear sky
91,Port Alfred,ZA,-33.5906,26.891,73.0,84,70,3.0,broken clouds
92,Constitucion,CL,-35.3333,-72.4167,62.33,75,18,3.44,few clouds
93,Codrington,AU,-38.2667,141.9667,54.73,62,27,7.7,scattered clouds
94,Havelock,US,34.8791,-76.9013,57.99,47,90,13.8,overcast clouds
95,East London,ZA,-33.0153,27.9116,78.01,64,39,12.57,scattered clouds
96,Lata,PT,40.1629,-8.3327,54.0,88,2,3.6,clear sky
97,Stolin,BY,51.8912,26.846,36.93,90,100,12.08,overcast clouds
98,Georgetown,MY,5.4112,100.3354,79.0,88,20,2.3,few clouds
99,Den Helder,NL,52.9599,4.7593,43.0,75,90,21.85,overcast clouds
100,Nijar,ES,36.9665,-2.206,57.99,88,20,3.44,few clouds
101,Bambous Virieux,MU,-20.3428,57.7575,80.6,83,40,6.91,light rain
102,Bethel,US,41.3712,-73.414,44.01,28,1,3.0,clear sky
103,Saint Paul,US,44.9444,-93.0933,59.0,29,1,9.22,clear sky
104,Suining,CN,30.508,105.5733,65.39,63,91,4.63,overcast clouds
105,Pisco,PE,-13.7,-76.2167,75.2,78,0,8.05,clear sky
106,Taunggyi,MM,20.7833,97.0333,58.1,38,0,1.95,clear sky
107,Emba,KZ,48.8264,58.1442,-0.85,79,42,5.06,scattered clouds
108,Krasnoselkup,RU,65.7,82.4667,-20.4,79,42,10.83,scattered clouds
109,Anchorage,US,61.2181,-149.9003,15.8,44,1,2.3,clear sky
110,Chuy,UY,-33.6971,-53.4616,65.8,69,11,8.52,few clouds
111,Uige,AO,-7.6087,15.0613,66.33,95,15,2.21,few clouds
112,Manaure,CO,11.7751,-72.4445,80.92,67,15,21.45,few clouds
113,Lebu,CL,-37.6167,-73.65,61.5,72,0,9.42,clear sky
114,Burns Lake,CA,54.2331,-125.7533,50.0,46,100,9.22,overcast clouds
115,Mezen,RU,65.8522,44.24,16.54,96,91,5.26,light snow
116,Am Timan,TD,11.0297,20.2827,85.5,14,22,2.59,few clouds
117,Dickinson,US,29.4608,-95.0513,78.01,61,40,20.71,scattered clouds
118,Salto,UY,-31.3833,-57.9667,86.0,54,20,5.75,few clouds
119,Sao Borja,BR,-28.6606,-56.0044,83.61,31,0,7.99,clear sky
120,San Miguel,SV,13.4833,-88.1833,102.2,30,40,2.3,scattered clouds
121,Portree,GB,57.4129,-6.1942,39.99,85,38,14.0,scattered clouds
122,Labrea,BR,-7.2586,-64.7981,84.56,70,54,1.1,broken clouds
123,Port Lincoln,AU,-34.7333,135.8667,58.53,56,50,10.09,scattered clouds
124,Saint-Philippe,RE,-21.3585,55.7679,75.2,73,0,5.75,clear sky
125,Upernavik,GL,72.7868,-56.1549,-6.38,95,12,6.42,few clouds
126,Arteaga,MX,18.4667,-102.4167,86.38,29,1,8.57,clear sky
127,Singaparna,ID,-7.3515,108.111,70.92,90,100,1.54,overcast clouds
128,New Norfolk,AU,-42.7826,147.0587,51.01,67,6,4.38,clear sky
129,Camacha,PT,33.0833,-16.3333,60.8,67,75,11.5,broken clouds
130,Sao Felix Do Xingu,BR,-6.6447,-51.995,73.36,98,82,2.68,broken clouds
131,Chapais,CA,49.7834,-74.8492,14.0,67,90,8.05,light snow
132,Norman Wells,CA,65.282,-126.8329,-5.8,71,75,3.42,broken clouds
133,Ilulissat,GL,69.2167,-51.1,10.4,67,100,17.27,overcast clouds
134,Touros,BR,-5.1989,-35.4608,80.6,74,40,16.11,scattered clouds
135,Okhotsk,RU,59.3833,143.3,-4.52,65,35,8.59,scattered clouds
136,Makakilo City,US,21.3469,-158.0858,78.8,65,75,10.36,broken clouds
137,Xining,CN,36.6167,101.7667,44.4,25,100,1.66,overcast clouds
138,Rocha,UY,-34.4833,-54.3333,61.61,72,12,5.66,few clouds
139,Balbalan,PH,17.4414,121.2019,60.85,96,95,2.19,overcast clouds
140,Airai,TL,-8.9266,125.4092,60.33,93,99,1.3,overcast clouds
141,Sivaki,RU,52.6333,126.75,22.19,92,49,7.31,scattered clouds
142,Panjab,AF,34.388,67.0233,30.29,98,97,7.18,light snow
143,Sterling,US,39.0062,-77.4286,59.0,19,75,5.75,broken clouds
144,Santa Cruz,BO,-17.8,-63.1667,89.6,51,40,6.91,scattered clouds
145,Inhambane,MZ,-23.865,35.3833,75.69,83,17,10.04,few clouds
146,San Pedro,PH,14.35,121.0167,79.0,78,90,4.61,overcast clouds
147,Ulaangom,MN,49.9811,92.0667,-0.99,56,5,5.12,clear sky
148,Patiya,BD,22.2931,91.9762,69.03,66,0,4.0,clear sky
149,Mackenzie,CA,55.2999,-123.1698,44.6,53,90,13.8,overcast clouds
150,Jamestown,US,42.097,-79.2353,36.0,32,1,10.94,clear sky
151,Katsuura,JP,35.1333,140.3,55.4,44,75,25.32,broken clouds
152,Saskylakh,RU,71.9167,114.0833,-10.23,98,42,4.72,scattered clouds
153,Winnemucca,US,40.973,-117.7357,55.4,16,1,4.61,clear sky
154,Marsa Matruh,EG,31.3525,27.2453,59.0,67,75,5.75,broken clouds
155,Te Anau,NZ,-45.4167,167.7167,61.75,61,35,9.86,scattered clouds
156,San Carlos,VE,9.6612,-68.5827,87.96,46,73,5.53,broken clouds
157,Hasaki,JP,35.7333,140.8333,51.8,54,75,12.66,broken clouds
158,Luderitz,NA,-26.6481,15.1594,67.89,74,0,13.22,clear sky
159,Pedasi,PA,7.5333,-80.0333,82.58,66,35,15.52,scattered clouds
160,Vila,PT,42.0304,-8.1588,46.0,88,37,1.01,scattered clouds
161,Bombay,IN,19.0144,72.8479,82.4,42,31,10.94,smoke
162,Dikson,RU,73.5069,80.5464,-21.84,96,100,16.64,overcast clouds
163,Sawtell,AU,-30.3833,153.1,79.0,73,3,12.66,clear sky
164,Artesia,US,33.8658,-118.0831,64.99,55,1,9.22,clear sky
165,Fortuna,US,40.5982,-124.1573,55.0,71,1,10.36,clear sky
166,San Ignacio,BZ,17.1561,-89.0714,91.4,43,40,8.03,scattered clouds
167,Puerto Escondido,MX,15.85,-97.0667,84.2,74,20,8.05,few clouds
168,Axim,GH,4.8699,-2.2405,80.4,83,100,7.65,overcast clouds
169,Chichester,GB,50.8367,-0.78,42.01,86,34,3.0,scattered clouds
170,Komsomolskiy,UZ,40.4272,71.7189,46.4,76,100,6.91,moderate rain
171,San Cristobal,VE,7.7669,-72.225,78.8,61,40,2.3,scattered clouds
172,Sept-Iles,CA,50.2001,-66.3821,24.8,36,40,18.41,scattered clouds
173,Panarukan,ID,-7.7018,113.9184,76.35,85,97,3.8,overcast clouds
174,Shibetsu,JP,43.659,145.132,32.58,80,100,9.84,snow
175,Daru,PG,-9.0763,143.2092,80.02,85,100,0.85,moderate rain
176,Mehamn,NO,71.0357,27.8492,22.62,88,100,6.78,overcast clouds
177,Muisne,EC,0.6,-80.0333,82.4,83,40,6.91,scattered clouds
178,Port-Gentil,GA,-0.7193,8.7815,78.8,94,20,3.44,few clouds
179,Aripuana,BR,-9.1667,-60.6333,76.14,96,99,2.53,overcast clouds
180,Holt,US,42.6406,-84.5153,51.8,25,1,12.66,clear sky
181,Esna,EG,25.2934,32.554,64.4,45,0,5.75,clear sky
182,Cartagena,CO,10.3997,-75.5144,84.2,65,20,14.97,few clouds
183,Sagara,JP,34.6833,138.2,48.99,66,0,15.99,clear sky
184,Sobral,BR,-3.6861,-40.3497,75.54,90,8,4.85,clear sky
185,Corn Island,NI,12.1694,-83.0418,79.79,75,3,14.9,clear sky
186,Podor,MR,16.6527,-14.9587,80.6,36,0,9.28,clear sky
187,Ratnagiri,IN,16.9833,73.3,76.96,54,33,2.44,scattered clouds
188,Vao,NC,-22.6667,167.4833,76.35,78,83,18.97,broken clouds
189,Dayong,CN,25.0209,118.2898,62.6,67,75,8.95,broken clouds
190,Minsk Mazowiecki,PL,52.1794,21.5725,48.0,69,100,19.6,overcast clouds
191,Gouyave,GD,12.1646,-61.7296,78.8,83,40,13.8,scattered clouds
192,Arroyo,ES,41.6096,-4.7969,46.99,70,0,12.66,clear sky
193,Coihaique,CL,-45.5752,-72.0662,71.6,37,0,6.91,clear sky
194,Bubaque,GW,11.2833,-15.8333,78.13,65,87,11.68,overcast clouds
195,Kruisfontein,ZA,-34.0033,24.7314,69.01,72,83,1.01,broken clouds
196,Carnarvon,AU,-24.8667,113.6333,80.6,74,3,9.22,clear sky
197,Panaba,MX,21.2833,-88.2667,85.08,46,63,13.62,broken clouds
198,Saint-Georges,GD,12.0564,-61.7485,78.8,83,40,13.8,scattered clouds
199,Vitim,RU,59.4511,112.5578,3.27,97,100,1.63,overcast clouds
200,Mankono,CI,8.0586,-6.1897,82.74,48,53,3.38,broken clouds
201,Puerto Madryn,AR,-42.7692,-65.0385,69.26,56,0,19.57,clear sky
202,Pevek,RU,69.7008,170.3133,-3.57,97,100,8.08,overcast clouds
203,Margate,GB,51.3813,1.3862,41.0,67,82,1.99,broken clouds
204,Gweta,BW,-20.1833,25.2333,75.96,52,23,15.26,few clouds
205,Nizwa,OM,22.9333,57.5333,65.14,43,0,1.28,clear sky
206,Luba,GQ,3.4568,8.5547,82.4,89,20,6.91,light rain
207,Torbay,CA,47.6666,-52.7314,41.0,45,75,6.91,broken clouds
208,Carauari,BR,-4.8828,-66.8958,79.39,92,93,1.99,overcast clouds
209,College,US,64.8569,-147.8028,6.01,55,1,2.57,clear sky
210,Brae,GB,60.3964,-1.353,42.8,81,75,25.32,broken clouds
211,Hokitika,NZ,-42.7167,170.9667,62.44,67,0,3.78,clear sky
212,San Felipe,VE,10.3399,-68.7425,75.99,80,77,7.81,broken clouds
213,Majene,ID,-3.5403,118.9707,77.5,78,18,3.44,few clouds
214,San Quintin,MX,30.4833,-115.95,60.33,54,7,16.6,clear sky
215,Kahului,US,20.8947,-156.47,71.6,94,90,17.27,light rain
216,Auki,SB,-8.7676,160.7034,80.13,82,96,3.38,overcast clouds
217,Kavaratti,IN,10.5669,72.642,82.47,70,24,7.25,few clouds
218,Yoichi,JP,43.2039,140.7703,36.0,93,75,2.3,broken clouds
219,Benguela,AO,-12.5763,13.4055,78.85,87,100,7.23,moderate rain
220,Korla,CN,41.7597,86.1469,47.93,39,22,2.39,few clouds
221,Ponta Delgada,PT,37.7333,-25.6667,59.0,94,75,17.27,broken clouds
222,Los Llanos De Aridane,ES,28.6585,-17.9182,64.4,68,90,6.91,overcast clouds
223,Gushikawa,JP,26.3544,127.8686,62.6,88,75,5.75,broken clouds
224,Salalah,OM,17.0151,54.0924,73.4,78,0,3.44,clear sky
225,Santa Maria,BR,-29.6842,-53.8069,84.2,42,0,5.75,clear sky
226,Pacific Grove,US,36.6177,-121.9166,57.2,58,75,11.5,broken clouds
227,Coquimbo,CL,-29.9533,-71.3436,64.4,77,20,11.5,few clouds
228,Humboldt,US,40.6665,-123.9178,55.0,71,1,10.36,clear sky
229,Port Macquarie,AU,-31.4333,152.9167,71.6,94,40,5.75,scattered clouds
230,Porto Santo,PT,33.072,-16.3415,60.8,72,75,12.66,broken clouds
231,Severo-Yeniseyskiy,RU,60.3725,93.0408,1.33,89,100,12.41,overcast clouds
232,Namatanai,PG,-3.6667,152.4333,82.4,66,15,4.07,few clouds
233,Provideniya,RU,64.3833,-173.3,23.83,93,100,25.84,snow
234,Sarankhola,BD,22.3082,89.7897,68.16,70,0,4.18,clear sky
235,Rincon,US,32.296,-81.2354,80.6,39,40,13.8,scattered clouds
236,Hjelset,NO,62.7833,7.4833,30.2,74,98,9.22,overcast clouds
237,Ikongo,MG,-21.8833,47.4333,67.19,98,38,1.81,scattered clouds
238,Khandyga,RU,62.6667,135.6,4.93,90,100,5.48,light snow
239,Punta Alta,AR,-38.8759,-62.0736,78.8,57,75,23.02,broken clouds
240,Rio Grande,BR,-32.035,-52.0986,72.37,85,10,11.79,clear sky
241,Pokhara,NP,28.2333,83.9833,61.97,35,25,5.21,scattered clouds
242,Bolshoy Kamen,RU,43.1225,132.3583,19.4,86,0,2.24,clear sky
243,Ponta Do Sol,PT,32.6667,-17.1,57.99,72,99,1.01,overcast clouds
244,Banjar,ID,-8.19,114.9675,78.8,89,40,3.44,scattered clouds
245,Puerto Quijarro,BO,-17.7833,-57.7667,83.75,63,29,1.54,scattered clouds
246,Bud,US,39.447,-86.1758,52.0,37,93,4.92,overcast clouds
247,Hudiksvall,SE,61.729,17.1036,33.28,86,100,0.51,overcast clouds
248,Eisiskes,LT,54.1667,25.0,36.0,93,90,9.22,overcast clouds
249,Taltal,CL,-25.4,-70.4833,69.35,79,24,6.87,few clouds
250,Saint-Augustin,CA,51.226,-58.6502,24.6,74,100,21.23,overcast clouds
251,Xichang,CN,27.8964,102.2634,52.09,60,2,1.05,clear sky
252,Simbahan,PH,6.3032,120.5836,80.65,80,100,6.8,overcast clouds
253,Inuvik,CA,68.3499,-133.7218,-5.8,59,39,3.44,scattered clouds
254,Tilichiki,RU,60.4667,166.1,3.56,82,100,14.61,overcast clouds
255,San Jeronimo,PE,-11.9472,-75.2829,58.46,66,75,2.3,broken clouds
256,Chizhou,CN,30.6578,117.4831,49.6,91,0,2.15,clear sky
257,Markova,UA,48.6758,24.4138,39.27,79,98,10.78,overcast clouds
258,Samarai,PG,-10.6167,150.6667,80.04,85,100,16.64,overcast clouds
259,Punta De Bombon,PE,-17.1717,-71.7931,73.94,80,7,6.98,clear sky
260,Diego De Almagro,CL,-26.3667,-70.05,74.97,36,0,10.31,clear sky
261,Tarakan,ID,3.3,117.6333,77.49,86,31,4.72,scattered clouds
262,Mayo,US,38.8876,-76.5119,55.0,31,1,8.05,clear sky
263,Hobyo,SO,5.3505,48.5268,79.66,82,92,12.77,overcast clouds
264,Angoche,MZ,-16.2325,39.9086,77.88,85,4,2.3,clear sky
265,Vardo,NO,70.3705,31.1107,25.63,89,100,8.19,light snow
266,Chudovo,RU,59.1167,31.6833,33.62,94,100,10.38,snow
267,Ukiah,US,39.1502,-123.2078,64.4,34,1,10.36,clear sky
268,Taoudenni,ML,22.6783,-3.9836,72.39,39,89,11.32,overcast clouds
269,Norwich,GB,52.6278,1.2983,41.0,75,20,10.36,light rain
270,Husavik,IS,66.0449,-17.3389,21.2,79,40,9.22,light snow
271,Hambantota,LK,6.1241,81.1185,77.43,83,60,12.03,broken clouds
272,Nikolskoye,RU,59.7035,30.7861,36.0,87,75,6.71,light snow
273,Leh,IN,34.1667,77.5833,20.97,56,71,1.01,broken clouds
274,Urengoy,RU,65.9667,78.3667,-17.46,75,8,11.52,clear sky
275,Puerto Narino,CO,-3.7703,-70.3831,87.8,74,40,2.8,scattered clouds
276,Svetlyy,RU,54.675,20.1347,42.8,87,90,15.66,overcast clouds
277,Leningradskiy,RU,69.3833,178.4167,19.92,79,100,4.97,overcast clouds
278,Avera,US,33.194,-82.5271,78.8,47,75,4.61,broken clouds
279,Kadoshkino,RU,54.0257,44.4191,16.75,92,100,16.82,overcast clouds
280,Kachiry,KZ,53.0675,76.1036,-8.03,96,4,8.39,clear sky
281,Seabra,BR,-12.4186,-41.7703,70.77,50,44,6.87,scattered clouds
282,Pangnirtung,CA,66.1451,-65.7125,-13.94,99,99,1.63,overcast clouds
283,Humaita,BR,-7.5061,-63.0208,82.4,75,26,2.57,scattered clouds
284,Paamiut,GL,61.994,-49.6678,17.73,56,100,9.53,overcast clouds
285,San Angelo,US,31.4638,-100.437,80.6,47,1,26.46,clear sky
286,Loanda,AO,-8.8368,13.2343,82.4,78,75,5.75,broken clouds
287,Linguere,SN,15.3953,-15.1193,80.6,22,0,4.61,clear sky
288,Yanam,IN,16.7333,82.2167,66.74,88,0,1.52,clear sky
289,Ancud,CL,-41.8697,-73.8203,66.0,67,0,5.75,clear sky
290,Gamba,GA,-2.65,10.0,79.05,88,100,4.23,overcast clouds
291,Coahuayana,MX,18.7333,-103.6833,86.0,42,1,11.5,clear sky
292,Mirabela,BR,-16.2628,-44.1644,80.6,54,0,5.75,clear sky
293,Lumberton,US,34.6182,-79.0086,66.2,36,90,7.31,overcast clouds
294,Birjand,IR,32.8663,59.2211,33.8,64,0,4.61,clear sky
295,Barra Patuca,HN,15.8,-84.2833,79.57,70,1,10.78,clear sky
296,Nemuro,JP,43.3236,145.575,32.56,92,100,18.16,light rain
297,Malanville,BJ,11.8685,3.3899,83.39,23,32,7.38,scattered clouds
298,Sao Joao Da Barra,BR,-21.6403,-41.0511,80.6,78,0,11.5,clear sky
299,Baykit,RU,61.67,96.37,4.41,92,100,10.11,overcast clouds
300,Acajutla,SV,13.5928,-89.8275,96.8,21,20,6.91,few clouds
301,Ahipara,NZ,-35.1667,173.1667,68.04,59,1,4.88,clear sky
302,Henties Bay,NA,-22.116,14.2845,64.99,92,56,3.0,broken clouds
303,Agirish,RU,61.9247,63.0231,11.57,88,0,10.25,clear sky
304,Kavieng,PG,-2.5744,150.7967,82.94,64,8,3.56,clear sky
305,Grindavik,IS,63.8424,-22.4338,26.6,74,75,19.57,broken clouds
306,Kaduy,RU,59.2,37.15,28.11,95,87,7.0,overcast clouds
307,Amazar,RU,53.858,120.875,22.21,97,100,2.1,overcast clouds
308,San Ramon,US,37.7799,-121.978,60.01,58,1,11.5,clear sky
309,Ola,RU,59.5833,151.2833,-3.15,71,5,3.33,clear sky
310,Isangel,VU,-19.55,169.2667,82.4,74,75,11.5,broken clouds
311,Singaraja,ID,-8.112,115.0882,78.8,81,100,2.93,overcast clouds
312,Islamkot,PK,24.6997,70.177,76.28,23,23,10.49,few clouds
313,Praya,CV,14.9215,-23.5087,69.8,73,0,12.66,clear sky
314,Alcantara,BR,-2.4089,-44.4147,80.6,89,20,11.5,light rain
315,Narsaq,GL,60.9167,-46.05,24.8,54,90,3.44,overcast clouds
316,Yaan,NG,7.3833,8.5667,84.92,57,82,11.72,broken clouds
317,Maniitsoq,GL,65.4167,-52.9,10.47,73,20,6.87,few clouds
318,Claveria,PH,18.6074,121.0832,74.25,87,90,15.32,overcast clouds
319,Yichang,CN,30.7144,111.2847,53.01,89,78,1.86,light rain
320,Umba,RU,66.6871,34.3429,18.23,96,93,5.14,overcast clouds
321,Cangzhou,CN,38.3167,116.8667,46.9,87,8,6.53,clear sky
322,Mandurah,AU,-32.55,115.7,57.99,62,0,14.63,clear sky
323,Lazaro Cardenas,MX,17.9583,-102.2,82.9,55,0,8.34,clear sky
324,Gondanglegi,ID,-7.7479,112.0132,73.53,88,98,3.8,overcast clouds
325,Kabinda,CD,-6.1333,24.4833,68.9,91,100,1.07,light rain
326,Piet Retief,ZA,-27.0071,30.8132,54.25,95,0,2.66,clear sky
327,Tromso,NO,69.6496,18.957,35.6,80,75,8.05,broken clouds
328,Jackson,US,42.4165,-122.8345,64.99,27,1,1.39,clear sky
329,Ribeira Grande,PT,38.5167,-28.7,60.8,94,75,20.71,broken clouds
330,Kranea Elassonos,GR,39.9483,21.9658,44.6,70,72,1.14,broken clouds
331,Saldanha,ZA,-33.0117,17.9442,68.0,83,99,3.44,overcast clouds
332,Juazeiro,BR,-9.4117,-40.4986,84.2,45,0,6.26,clear sky
333,Boundiali,CI,9.5217,-6.4869,79.79,23,99,0.89,overcast clouds
334,Kodiak,US,57.79,-152.4072,33.8,29,1,18.41,clear sky
335,Areosa,PT,41.7178,-8.8571,55.0,87,40,3.44,scattered clouds
336,Itapipoca,BR,-3.4944,-39.5786,75.63,88,51,4.23,broken clouds
337,Oistins,BB,13.0667,-59.5333,78.8,69,20,12.66,few clouds
338,Portlethen,GB,57.0547,-2.1307,39.0,81,82,10.36,broken clouds
339,Kucevo,RS,44.4775,21.67,48.99,72,0,1.99,clear sky
340,Broome,US,42.2506,-75.833,42.01,30,1,13.8,clear sky
341,Maragogi,BR,-9.0122,-35.2225,78.6,80,36,9.08,scattered clouds
342,Longyearbyen,SJ,78.2186,15.6401,-4.94,93,93,4.85,overcast clouds
343,Kuznechikha,RU,57.2161,42.3348,20.73,93,100,13.06,snow
344,Guia,ES,28.1397,-15.6329,64.4,77,20,14.97,few clouds
345,Clyde River,CA,70.4692,-68.5914,-5.8,84,75,24.16,snow
346,Bandarbeyla,SO,9.4942,50.8122,77.7,81,52,9.37,broken clouds
347,Boddam,GB,57.4667,-1.7833,41.0,81,96,10.36,overcast clouds
348,Susangerd,IR,31.5608,48.1831,60.8,51,0,6.91,clear sky
349,Liwale,TZ,-9.7667,37.9333,68.22,97,100,0.45,light rain
350,Paita,PE,-5.0892,-81.1144,84.2,65,0,10.36,clear sky
351,Cairns,AU,-16.9167,145.7667,80.6,74,52,8.05,broken clouds
352,Yangcun,CN,39.3639,117.0603,48.99,93,58,4.47,mist
353,Aswan,EG,24.0934,32.907,64.74,18,58,11.43,broken clouds
354,Egvekinot,RU,66.3167,-179.1667,26.26,97,100,14.36,snow
355,Riyadh,SA,24.6877,46.7219,66.2,32,38,4.61,dust
356,Sur,OM,22.5667,59.5289,77.74,43,0,16.31,clear sky
357,Ixtapa,MX,20.7,-105.2,78.8,69,1,13.8,clear sky
358,Barabai,ID,-2.5833,115.3833,73.42,94,87,0.78,overcast clouds
359,Port Hardy,CA,50.6996,-127.4199,48.2,71,90,24.16,light rain
360,Warrnambool,AU,-38.3833,142.4833,53.01,74,14,8.57,few clouds
361,Agadir,MA,30.4202,-9.5982,55.4,88,0,4.52,clear sky
362,Boa Vista,BR,2.8197,-60.6733,82.4,65,40,5.75,scattered clouds
363,Misratah,LY,32.3754,15.0925,60.6,67,100,11.59,overcast clouds
364,Port Blair,IN,11.6667,92.75,78.66,74,18,2.82,few clouds
365,Petropavlovsk-Kamchatskiy,RU,53.0452,158.6483,24.8,58,3,8.95,clear sky
366,Rawson,AR,-43.3002,-65.1023,64.17,68,28,20.98,scattered clouds
367,Todos Santos,MX,23.45,-110.2167,80.01,27,4,15.99,clear sky
368,Prince Rupert,CA,54.3161,-130.3201,33.8,100,90,2.3,moderate rain
369,Staryy Nadym,RU,65.6118,72.6842,10.89,94,90,11.83,overcast clouds
370,Lavrentiya,RU,65.5833,-171.0,14.4,92,100,22.64,snow
371,Burnie,AU,-41.0667,145.9167,54.0,59,0,4.0,clear sky
372,Alzamay,RU,55.5562,98.6644,5.59,85,100,13.2,overcast clouds
373,Omboue,GA,-1.5746,9.2618,79.39,85,99,6.24,overcast clouds
374,Omsukchan,RU,62.5333,155.8,-10.84,92,100,4.72,overcast clouds
375,Yumen,CN,40.2833,97.2,45.91,20,0,8.5,clear sky
376,Nalut,LY,30.3333,10.85,59.79,48,85,22.7,overcast clouds
377,Guerrero Negro,MX,27.9769,-114.0611,62.71,46,0,18.92,clear sky
378,Ozernovskiy,RU,51.5,156.5167,29.23,95,100,14.58,snow
379,Sitka,US,57.0531,-135.33,33.8,55,20,13.8,few clouds
380,Baruun-Urt,MN,46.6806,113.2792,34.95,43,8,11.88,clear sky
381,Kapit,MY,2.0167,112.9333,71.78,99,52,0.49,broken clouds
382,Karak,JO,31.1667,35.75,48.2,87,0,5.75,clear sky
383,Abha,SA,18.2164,42.5053,66.2,48,0,3.98,haze
384,Sarlat-La-Caneda,FR,44.889,1.2166,46.99,90,86,3.0,overcast clouds
385,Timizart,DZ,36.8,4.2667,49.82,87,1,3.31,clear sky
386,Qaqortoq,GL,60.7167,-46.0333,24.8,54,90,3.44,overcast clouds
387,Lahij,YE,13.1667,44.5833,72.7,60,0,4.99,clear sky
388,Kroya,ID,-7.6331,109.2461,76.82,84,94,4.5,overcast clouds
389,Atar,MR,20.5169,-13.0499,69.69,11,0,8.21,clear sky
390,Port Stanley,FK,-51.7,-57.85,46.4,57,20,13.8,few clouds
391,Chagoda,RU,59.164,35.3285,32.32,98,100,8.16,snow
392,Biltine,TD,14.5333,20.9167,85.06,13,19,15.86,few clouds
393,Chimbote,PE,-9.0853,-78.5783,76.15,71,1,10.94,clear sky
394,Chabahar,IR,25.2919,60.643,71.69,93,2,13.18,clear sky
395,Xuddur,SO,4.1213,43.8894,72.54,79,98,16.6,overcast clouds
396,Aksu,CN,41.1231,80.2644,49.89,33,100,3.36,overcast clouds
397,Rafai,CF,4.95,23.9167,70.07,92,100,2.75,overcast clouds
398,Virginia Beach,US,36.8529,-75.978,52.0,50,90,6.91,overcast clouds
399,Tupik,RU,54.4253,119.9327,21.33,93,100,4.23,overcast clouds
400,Tirunelveli,IN,8.7333,77.7,77.52,76,92,6.55,overcast clouds
401,Porto Novo,BJ,6.4965,2.6036,84.2,84,40,12.66,heavy intensity rain
402,Jinchang,CN,38.4953,102.1739,48.76,25,100,9.04,overcast clouds
403,Marawi,PH,7.9986,124.2928,73.0,93,100,4.0,overcast clouds
404,Varnamo,SE,57.186,14.04,34.0,97,100,4.29,overcast clouds
405,Fernie,CA,49.5,-115.0687,60.8,30,3,9.22,clear sky
406,Kamareddi,IN,18.3167,78.35,71.83,23,50,3.6,scattered clouds
407,Shingu,JP,33.7333,135.9833,43.86,79,0,5.86,clear sky
408,Buchanan,LR,5.8808,-10.0467,77.0,94,75,7.92,broken clouds
409,Scarborough,GB,54.2797,-0.4044,37.99,86,12,1.01,few clouds
410,Gerash,IR,27.6652,54.1371,64.4,34,0,9.22,clear sky
411,Mao,ES,39.8885,4.2658,53.6,82,20,8.05,few clouds
412,Maningrida,AU,-12.0667,134.2667,76.86,89,91,4.83,overcast clouds
413,Moi,NO,58.4567,6.5518,36.0,83,55,2.93,broken clouds
414,Overyata,RU,58.0868,55.8709,12.2,73,0,15.66,clear sky
415,Palmer,US,42.1584,-72.3287,44.01,22,20,11.5,few clouds
416,Seoni,IN,22.0833,79.5333,68.58,33,0,6.08,clear sky
417,Entre Rios,BR,-11.9419,-38.0844,73.92,86,58,6.78,broken clouds
418,Nakhon Thai,TH,17.1006,100.8374,78.08,49,7,2.08,clear sky
419,Korba,IN,22.35,82.6833,69.4,47,0,4.23,clear sky
420,Floro,NO,61.5996,5.0328,39.2,81,90,16.11,overcast clouds
421,Laguna,US,38.421,-121.4238,66.99,45,1,9.22,clear sky
422,Kutum,SD,14.2,24.6667,67.57,18,81,6.89,broken clouds
423,Murovani Kurylivtsi,UA,48.7235,27.5189,37.0,92,96,5.01,overcast clouds
424,Verkhnevilyuysk,RU,63.4453,120.3167,5.56,91,88,8.75,overcast clouds
425,Klaksvik,FO,62.2266,-6.589,39.2,93,75,35.68,broken clouds
426,Mackay,AU,-21.15,149.2,80.01,94,44,4.61,scattered clouds
427,Ndele,CF,8.4109,20.6473,83.28,29,69,2.04,broken clouds
428,Alofi,NU,-19.0595,-169.9187,82.4,74,44,4.61,scattered clouds
429,Idritsa,RU,56.3316,28.8988,33.62,94,100,6.4,overcast clouds
430,Vidalia,US,32.2177,-82.4135,84.2,20,1,4.61,clear sky
431,Caloundra,AU,-26.8,153.1333,75.0,95,7,2.15,clear sky
432,Xai-Xai,MZ,-25.0519,33.6442,73.99,90,11,6.69,few clouds
433,Boende,CD,-0.2167,20.8667,73.4,96,95,1.39,light rain
434,Trincomalee,LK,8.5711,81.2335,79.54,83,7,13.67,clear sky
435,Cap Malheureux,MU,-19.9842,57.6142,78.01,80,100,4.0,overcast clouds
436,Igarka,RU,67.4667,86.5833,-20.85,96,51,8.16,broken clouds
437,Dakar,SN,14.6937,-17.4441,69.8,73,2,9.22,dust
438,Dingle,PH,10.9995,122.6711,74.82,94,100,3.71,overcast clouds
439,Takoradi,GH,4.8845,-1.7554,80.65,82,100,8.3,overcast clouds
440,Tezu,IN,27.9167,96.1667,69.91,55,96,2.24,overcast clouds
441,Salyan,AZ,39.5936,48.9805,37.33,72,76,4.72,broken clouds
442,Wanlaweyn,SO,2.6185,44.8938,76.12,84,57,4.41,broken clouds
443,Tazovskiy,RU,67.4667,78.7,-12.82,79,100,13.04,overcast clouds
444,Cabra,ES,37.4725,-4.4421,57.2,47,0,4.61,clear sky
445,Fairbanks,US,64.8378,-147.7164,6.01,55,1,2.55,clear sky
446,Wewak,PG,-3.5534,143.6268,80.46,84,90,5.57,overcast clouds
447,Kamaishi,JP,39.2667,141.8833,45.99,86,100,9.86,overcast clouds
448,Visby,SE,57.6409,18.296,37.0,93,90,11.5,moderate rain
449,Cayenne,GF,4.9333,-52.3333,80.01,89,90,3.44,overcast clouds
450,Rayong,TH,12.8333,101.4333,84.99,95,44,4.21,scattered clouds
451,Dibulla,CO,11.2725,-73.3091,79.3,76,87,7.29,overcast clouds
452,Bocana De Paiwas,NI,12.7857,-85.1227,83.79,55,3,15.1,clear sky
453,Gannan,CN,47.9147,123.5031,34.05,63,29,5.59,scattered clouds
454,Hofn,IS,64.2539,-15.2082,33.71,57,98,16.37,overcast clouds
455,Tessalit,ML,20.1986,1.0114,66.45,37,11,6.62,few clouds
456,Turan,VN,16.0678,108.2208,71.6,94,20,5.3,mist
457,Havre-Saint-Pierre,CA,50.2334,-63.5986,26.6,46,1,11.5,clear sky
458,Nizhnyaya Tavda,RU,57.6731,66.1725,7.81,91,0,8.03,clear sky
459,Sorong,ID,-0.8833,131.25,76.59,87,100,5.32,overcast clouds
460,Nizhneudinsk,RU,54.9076,99.0276,5.67,77,100,14.25,overcast clouds
461,Shira,RU,54.4911,89.9531,-3.98,74,52,7.09,broken clouds
462,Itaituba,BR,-4.2761,-55.9836,78.8,89,40,1.45,scattered clouds
463,Chapadinha,BR,-3.7417,-43.3603,73.99,97,84,2.64,broken clouds
464,Maun,BW,-19.9833,23.4167,73.4,64,0,4.61,clear sky
465,Zhezkazgan,KZ,47.8043,67.7144,2.08,75,100,17.34,overcast clouds
466,Markala,ML,13.7021,-6.0659,74.79,11,46,9.91,scattered clouds
467,George Town,MY,5.4112,100.3354,79.0,88,20,2.3,few clouds
468,Beaverlodge,CA,55.2166,-119.4361,41.0,65,75,3.44,broken clouds
469,Kifri,IQ,34.6959,44.9661,54.28,61,6,3.8,clear sky
470,Nuuk,GL,64.1835,-51.7216,15.01,73,55,13.8,broken clouds
471,Hare Bay,CA,48.8499,-54.0148,33.8,60,50,3.44,light snow
472,Veshenskaya,RU,49.6303,41.7334,26.56,95,97,11.18,light snow
473,Zhigansk,RU,66.7697,123.3711,5.86,95,100,12.28,overcast clouds
474,Berlevag,NO,70.8578,29.0864,24.06,83,99,8.16,overcast clouds
475,Cabo San Lucas,MX,22.8909,-109.9124,73.99,56,1,11.5,clear sky
476,Alappuzha,IN,9.49,76.3264,78.26,75,0,4.18,clear sky
477,Conceicao Do Araguaia,BR,-8.2578,-49.2647,76.95,85,69,2.37,broken clouds
478,Viedma,AR,-40.8135,-62.9967,77.32,29,0,10.6,clear sky
479,Tiksi,RU,71.6872,128.8694,-3.69,93,78,8.28,broken clouds
480,Houston,US,29.7633,-95.3633,80.01,53,75,19.57,broken clouds
481,Senanga,ZM,-16.1167,23.2667,67.06,93,11,4.72,light rain
482,Athabasca,CA,54.7169,-113.2854,44.6,49,91,9.22,overcast clouds
483,Fukuma,JP,33.7667,130.4667,44.6,87,20,3.44,few clouds
484,Cockburn Town,TC,21.4612,-71.1419,76.08,75,0,18.19,clear sky
485,Kudahuvadhoo,MV,2.6708,72.8944,82.72,73,19,10.67,few clouds
486,Lanxi,CN,29.2195,119.477,52.0,54,52,3.51,broken clouds
487,Tunduma,TZ,-9.3,32.7667,56.89,96,96,4.81,overcast clouds
488,Baijiantan,CN,45.6333,85.1833,25.61,71,100,9.82,snow
489,Grand Gaube,MU,-20.0064,57.6608,78.01,80,100,4.0,overcast clouds
490,Maceio,BR,-9.6658,-35.7353,77.0,83,0,8.05,clear sky
491,Lamont,US,35.2597,-118.9143,64.99,29,1,5.75,clear sky
492,Sambava,MG,-14.2667,50.1667,76.5,78,88,10.31,overcast clouds
493,Corning,US,42.1428,-77.0547,46.4,23,1,9.22,clear sky
494,Gunnedah,AU,-30.9833,150.25,73.99,85,66,5.1,light rain
495,Presidencia Roque Saenz Pena,AR,-26.7852,-60.4388,87.01,32,82,4.0,broken clouds
496,Mount Gambier,AU,-37.8333,140.7667,41.0,93,40,5.75,scattered clouds
497,Oktyabrskiy,RU,54.4815,53.471,-0.2,86,0,8.79,clear sky
498,Sorland,NO,67.667,12.6934,41.92,83,96,15.43,overcast clouds
499,Ambilobe,MG,-13.2,49.05,74.52,94,94,1.34,light rain
500,Ballina,AU,-28.8667,153.5667,77.0,88,0,7.07,clear sky
501,Qovlar,AZ,40.948,45.735,33.8,86,90,6.91,overcast clouds
502,Kimbe,PG,-5.5502,150.1429,80.51,82,90,2.01,overcast clouds
503,Dunedin,NZ,-45.8742,170.5036,63.0,72,0,3.0,clear sky
504,Moerai,PF,-22.4333,-151.3333,80.74,74,75,8.66,broken clouds
505,Ocos,GT,14.5094,-92.1933,89.6,48,40,11.5,scattered clouds
506,Suntar,RU,62.1444,117.6319,5.67,93,45,6.76,scattered clouds
507,Leon,MX,21.1167,-101.6667,86.0,14,1,2.86,clear sky
508,Brunswick,US,41.2381,-81.8418,46.0,23,75,5.75,broken clouds
509,Shahdol,IN,23.2833,81.35,66.34,31,0,1.79,clear sky
510,Doha,QA,25.2867,51.5333,66.2,45,0,11.5,clear sky
511,Kamisu,JP,35.8907,140.6686,51.8,58,40,11.5,scattered clouds
512,Calvinia,ZA,-31.4707,19.776,65.88,41,0,1.54,clear sky
513,Krasnozerskoye,RU,53.9828,79.2374,-7.82,97,66,10.8,broken clouds
514,Viransehir,TR,37.2353,39.7631,43.95,47,13,4.54,few clouds
515,Harunabad,PK,29.6133,73.1389,67.28,32,14,7.67,few clouds
516,Portland,US,45.5234,-122.6762,63.0,44,75,5.75,broken clouds
517,Kousseri,CM,12.0769,15.0306,91.4,18,16,2.3,few clouds
518,Estacion Coahuila,MX,32.1939,-115.0017,71.01,21,40,17.27,scattered clouds
519,Ibra,OM,22.6906,58.5334,62.38,58,0,1.5,clear sky
520,Lasa,IT,46.6166,10.7002,48.2,75,0,6.91,clear sky
521,Koulikoro,ML,14.0,-7.75,73.24,10,26,9.93,scattered clouds
522,Labuan,MY,5.2767,115.2417,77.0,94,20,5.21,few clouds
523,Inverell,AU,-29.7833,151.1167,70.0,95,60,8.12,light rain
524,Itarema,BR,-2.9248,-39.9167,78.51,82,84,10.22,broken clouds
525,Luanda,AO,-8.8368,13.2343,82.4,78,75,5.75,broken clouds
526,Ishigaki,JP,24.3448,124.1572,64.4,77,75,4.61,broken clouds
527,Nanortalik,GL,60.1432,-45.2371,26.98,76,100,4.41,overcast clouds
528,Torva,EE,58.0028,25.935,36.0,93,90,9.22,overcast clouds
529,Talnakh,RU,69.4865,88.3972,-22.13,98,100,8.3,overcast clouds
530,Dali,CN,25.7,100.1833,48.94,60,0,4.54,clear sky
531,Camargo,MX,27.6667,-105.1667,85.28,8,3,37.67,clear sky
532,Marrakesh,MA,31.6315,-8.0083,62.6,67,0,6.91,clear sky
533,Buin,CL,-33.7333,-70.75,81.0,44,20,6.91,few clouds
534,Umm Kaddadah,SD,13.6017,26.6876,78.85,12,30,17.05,scattered clouds
535,Khipro,PK,25.8285,69.3772,70.52,26,13,2.21,few clouds
536,Hurricane,US,37.1753,-113.2899,48.0,66,1,4.61,clear sky
537,Fare,PF,-16.7,-151.0167,82.78,75,39,13.24,scattered clouds
538,Dawei,MM,14.0833,98.2,73.81,89,50,2.64,scattered clouds
539,Enid,US,36.3956,-97.8784,64.4,88,90,24.16,mist
540,Beloha,MG,-25.1667,45.05,74.1,76,20,16.71,few clouds
541,Valdosta,US,30.8327,-83.2785,82.4,34,1,2.37,clear sky
542,Mount Isa,AU,-20.7333,139.5,77.0,73,35,6.91,scattered clouds
543,Pasighat,IN,28.0667,95.3333,68.32,74,95,4.76,overcast clouds
544,Kathu,TH,7.9178,98.3332,75.2,94,20,2.3,few clouds
545,Ostrovnoy,RU,68.0531,39.5131,11.71,92,82,14.7,broken clouds
546,Palaikastron,GR,35.2,26.25,59.0,71,98,4.18,overcast clouds
547,Wad Rawah,SD,15.1603,33.1397,82.67,18,54,15.01,broken clouds
548,Rundu,NA,-17.9333,19.7667,70.77,71,52,4.61,broken clouds
549,Kieta,PG,-6.2167,155.6333,82.58,72,23,4.56,few clouds
550,Poum,NC,-20.2333,164.0167,79.86,73,94,14.81,overcast clouds
551,Asfi,MA,32.2994,-9.2372,57.25,77,97,21.97,overcast clouds
552,Samfya,ZM,-11.3649,29.5565,64.17,94,100,4.34,light rain
553,Grand Bend,CA,43.3168,-81.7498,43.0,58,0,8.99,clear sky
554,Kerman,IR,30.2832,57.0788,44.6,45,0,4.61,clear sky
555,Jardim,BR,-21.4803,-56.1381,82.54,54,31,2.75,scattered clouds
556,Khasan,RU,42.4308,130.6434,38.34,83,0,9.53,clear sky
557,Bodden Town,KY,19.2833,-81.25,78.8,73,40,13.8,scattered clouds
558,Sisimiut,GL,66.9395,-53.6735,13.53,91,98,6.58,light snow
559,Celestun,MX,20.8667,-90.4,80.44,63,0,17.63,clear sky
560,Ailigandi,PA,9.2333,-78.0167,79.83,75,74,12.44,broken clouds
561,Port Hedland,AU,-20.3167,118.5667,77.0,88,91,10.36,overcast clouds
562,La Ronge,CA,55.1001,-105.2842,32.0,47,1,8.05,clear sky
563,Lakes Entrance,AU,-37.8811,147.981,55.99,78,63,1.99,broken clouds
564,Meulaboh,ID,4.1363,96.1285,75.83,83,100,3.33,overcast clouds
565,Gubskaya,RU,44.3164,40.6358,28.62,87,100,2.86,overcast clouds
566,Otane,NZ,-39.8833,176.6333,69.01,59,1,3.0,clear sky
567,Maitum,PH,6.0392,124.4986,77.36,78,63,2.73,broken clouds
568,Shizunai,JP,42.3339,142.3669,38.64,86,100,7.96,moderate rain
569,Tura,IN,25.5198,90.2201,67.6,48,23,1.52,few clouds
570,Vestmannaeyjar,IS,63.4427,-20.2734,31.17,66,0,19.6,clear sky
571,Berdigestyakh,RU,62.0989,126.6992,12.78,91,100,9.19,overcast clouds
572,Chihuahua,MX,28.5,-106.0,80.01,3,1,41.43,dust
573,Shimoda,JP,34.6667,138.95,48.99,76,60,1.01,broken clouds
574,Fonte Boa,BR,-2.4959,-66.2662,81.37,79,99,3.09,overcast clouds
575,High Level,CA,58.5169,-117.136,10.4,79,90,10.36,snow
576,Muli,MV,2.9167,73.5667,82.98,73,71,10.76,broken clouds
577,Yazd,IR,31.8972,54.3675,44.6,49,0,9.22,clear sky
578,Port Moresby,PG,-9.4431,147.1797,75.2,100,40,11.5,haze
579,Northam,GB,51.0333,-4.2167,46.0,81,50,13.0,scattered clouds
580,Ajdabiya,LY,30.7554,20.2263,62.98,38,100,5.95,overcast clouds
581,Hualmay,PE,-11.0964,-77.6139,75.4,73,5,7.43,clear sky
582,Kawalu,ID,-7.3817,108.2082,71.89,93,100,1.32,overcast clouds
583,Hukuntsi,BW,-24.0,21.75,75.15,49,58,4.9,broken clouds
584,Formosa,AR,-26.1775,-58.1781,86.0,45,0,8.05,clear sky
585,Oranjestad,AW,12.524,-70.027,80.6,74,40,16.11,scattered clouds
586,Namibe,AO,-15.1961,12.1522,76.32,76,39,3.83,scattered clouds
587,Kontagora,NG,10.3999,5.4695,86.31,14,60,9.82,broken clouds
588,Pimentel,PE,-6.8367,-79.9342,80.6,57,0,20.71,clear sky
589,Rurrenabaque,BO,-14.4413,-67.5278,89.6,70,20,3.18,few clouds
590,Kirovsk,UA,48.6375,38.6428,30.52,97,100,8.1,light snow
591,Bauta,CU,22.9828,-82.5464,82.0,57,20,17.27,few clouds
592,Itoman,JP,26.1247,127.6694,66.2,72,75,10.36,broken clouds
593,Huldenberg,BE,50.7897,4.5843,41.0,81,90,17.27,light intensity drizzle
594,Bhadasar,IN,28.2833,74.3167,70.56,31,5,1.74,clear sky
595,Kununurra,AU,-15.7667,128.7333,80.6,100,75,2.3,broken clouds
596,Hastings,GB,50.8552,0.5729,39.99,68,68,4.0,broken clouds
597,Bahile,PH,9.9995,118.7878,75.2,94,20,6.91,few clouds
598,Hongjiang,CN,27.11,109.9956,57.78,92,43,1.63,scattered clouds
599,Tymovskoye,RU,50.8456,142.655,26.67,95,57,1.9,broken clouds
600,Souillac,MU,-20.5167,57.5167,80.6,83,40,6.91,light rain
601,Agadez,NE,19.75,10.25,79.39,15,63,13.0,broken clouds
602,Huilong,CN,31.8111,121.655,50.0,85,0,5.53,clear sky
603,Opuwo,NA,-18.0607,13.84,67.91,78,6,3.27,light rain
604,Sao Miguel Do Araguaia,BR,-13.275,-50.1628,76.08,86,100,3.4,overcast clouds
605,Miguelopolis,BR,-20.1794,-48.0319,74.86,83,95,4.45,overcast clouds
606,Tabas,IR,33.5959,56.9244,42.89,45,0,8.34,clear sky
607,Montes Altos,BR,-5.8333,-47.0667,74.8,92,83,1.32,broken clouds
608,Belyy Yar,RU,53.6039,91.3903,3.2,60,99,15.66,snow
609,Tchaourou,BJ,8.8865,2.5975,81.68,64,92,5.82,light rain
610,Giyani,ZA,-23.3025,30.7187,70.52,70,1,5.68,clear sky
611,Hirara,JP,24.8,125.2833,66.2,77,75,4.61,broken clouds
612,Kungurtug,RU,50.5994,97.5228,2.43,78,100,15.68,overcast clouds
613,Nome,US,64.5011,-165.4064,8.6,66,1,23.02,clear sky
614,Mitsamiouli,KM,-11.3847,43.2844,82.06,72,98,3.62,overcast clouds
615,Mirnyy,RU,62.5353,113.9611,0.68,96,90,7.07,overcast clouds
616,Madimba,TZ,-10.4,40.3333,73.4,94,20,6.91,few clouds
617,Dharchula,IN,29.85,80.5333,55.26,21,0,7.43,clear sky
618,Sidi Ali,DZ,36.0998,0.4206,52.68,81,0,2.17,clear sky
619,Florianopolis,BR,-27.6146,-48.5012,78.8,78,20,5.75,few clouds
620,Tambura,SS,5.6,27.4667,75.34,56,60,2.1,broken clouds
621,Waitati,NZ,-45.75,170.5667,62.01,68,0,4.0,clear sky
622,Yerbogachen,RU,61.2767,108.0108,-1.84,97,39,7.4,scattered clouds
623,Mercedes,AR,-34.6515,-59.4307,78.01,45,0,9.19,clear sky
624,Iqaluit,CA,63.7506,-68.5145,-13.0,64,40,16.11,snow
625,Saint-Nazaire,FR,47.2833,-2.2,46.4,71,0,16.11,clear sky
626,Fort-Shevchenko,KZ,44.5086,50.263,28.58,48,34,12.95,scattered clouds
627,Akureyri,IS,65.6835,-18.0878,21.2,79,40,9.22,scattered clouds
628,Castrillon,ES,43.3979,-6.7922,51.8,76,75,16.11,light rain
629,San Rafael,AR,-34.6177,-68.3301,83.91,33,32,12.17,heavy intensity rain
630,Nhulunbuy,AU,-12.2333,136.7667,78.8,89,29,3.51,scattered clouds
631,Mocuba,MZ,-16.8392,36.9856,72.43,97,37,2.24,scattered clouds
632,Altagracia De Orituco,VE,9.8601,-66.3814,78.78,66,98,6.96,overcast clouds
633,Cheremushskiy,RU,61.2731,47.2636,19.38,89,100,11.36,overcast clouds
634,Luan,CH,46.3592,6.9759,42.01,81,100,5.99,light rain
635,Halmstad,SE,56.6745,12.8568,39.0,93,90,6.55,overcast clouds
636,San Luis,AR,-33.295,-66.3356,77.74,52,62,2.48,broken clouds
637,Malanje,AO,-9.5402,16.341,64.89,92,50,3.51,scattered clouds
638,Requena,ES,39.4883,-1.1004,60.01,82,15,8.43,few clouds
639,La Ciotat,FR,43.1748,5.6045,55.99,75,83,15.99,broken clouds
640,Chumikan,RU,54.7183,135.315,28.51,78,100,12.93,overcast clouds
641,Mogadishu,SO,2.0371,45.3438,79.02,86,12,12.5,few clouds
642,Bonavista,CA,48.6499,-53.1147,37.99,60,95,3.44,overcast clouds
643,Snihurivka,UA,47.0758,32.8052,39.16,94,98,7.67,overcast clouds
644,Marsabit,KE,2.3284,37.9899,71.15,49,18,11.52,few clouds
645,Roswell,US,34.0232,-84.3616,73.99,56,90,6.91,overcast clouds
646,Altamira,BR,-3.2033,-52.2064,82.4,83,75,1.92,moderate rain
647,Hami,CN,42.8,93.45,50.74,31,1,7.29,clear sky
648,Yulara,AU,-25.2406,130.9889,64.4,63,90,12.66,overcast clouds
649,Havoysund,NO,70.9963,24.6622,26.6,86,90,2.3,overcast clouds
650,Morondava,MG,-20.2833,44.2833,79.2,60,0,9.15,clear sky
651,Gangarampur,IN,25.4,88.5167,70.68,47,36,2.84,scattered clouds
652,Yacopi,CO,5.4595,-74.3382,68.54,87,81,1.68,broken clouds
653,Zharkent,KZ,44.1628,80.0,38.26,75,100,3.02,moderate rain
654,Ondarroa,ES,43.3167,-2.4167,55.0,52,100,5.99,overcast clouds
655,Makarov,RU,48.6333,142.8,31.95,82,95,4.25,overcast clouds
656,Tourlaville,FR,49.6383,-1.5664,44.6,70,90,23.02,overcast clouds
657,Broken Hill,AU,-31.95,141.4333,50.0,76,58,16.11,broken clouds
658,Aquin,HT,18.2833,-73.4,78.89,69,22,6.98,few clouds
659,Chokwe,MZ,-24.5333,32.9833,70.27,91,0,3.8,clear sky
660,Plouzane,FR,48.3833,-4.6167,44.6,70,40,11.5,scattered clouds
661,Camden,US,39.7835,-74.9663,50.0,26,0,3.0,clear sky
662,Verkhnyaya Inta,RU,65.9811,60.3094,11.62,90,76,13.2,broken clouds
663,Estelle,US,29.8458,-90.1067,78.8,64,75,11.5,broken clouds
664,Paso De Los Toros,UY,-32.8167,-56.5167,82.4,30,0,11.5,clear sky
665,Nagato,JP,34.3833,131.2,48.2,87,20,4.61,few clouds
666,Hamilton,US,39.1834,-84.5333,54.0,28,1,4.61,clear sky
667,Luangwa,ZM,-15.6167,30.4167,71.31,92,67,3.13,broken clouds
668,Dicabisagan,PH,17.0818,122.4157,74.95,89,99,12.28,overcast clouds
669,Tamale,GH,9.4008,-0.8393,92.43,33,81,3.33,broken clouds
670,Korhogo,CI,9.45,-5.6333,82.47,18,89,2.13,overcast clouds
671,Washington,US,47.5001,-120.5015,57.99,33,100,2.3,overcast clouds
672,Brazzaville,CG,-4.2658,15.2832,82.4,83,96,3.44,light rain
673,Plettenberg Bay,ZA,-34.0527,23.3716,68.83,71,73,3.56,broken clouds
674,La Rioja,ES,42.25,-2.5,53.01,66,75,4.61,broken clouds
675,Belmonte,BR,-15.8631,-38.8828,78.8,73,0,10.36,clear sky
676,Roebourne,AU,-20.7833,117.1333,81.84,65,48,12.84,scattered clouds
677,Krutinka,RU,56.0055,71.5113,3.83,97,90,8.48,overcast clouds
678,Keetmanshoop,NA,-26.5833,18.1333,71.6,49,41,11.5,scattered clouds
679,Cuenca,EC,-2.8833,-78.9833,62.6,67,75,9.22,moderate rain
680,Batticaloa,LK,7.7102,81.6924,78.4,84,35,9.28,scattered clouds
681,Barcelos,PT,41.5388,-8.6151,51.01,93,20,4.07,few clouds
682,Naze,JP,28.3667,129.4833,62.6,67,75,6.91,broken clouds
683,Khelyulya,RU,61.7333,30.6833,32.7,97,100,7.54,overcast clouds
684,Beringovskiy,RU,63.05,179.3167,20.3,89,42,3.96,scattered clouds
685,Nova Vicosa,BR,-17.8919,-39.3719,76.84,81,0,8.12,clear sky
686,Rabo De Peixe,PT,37.8,-25.5833,59.0,94,75,17.27,broken clouds
687,San Patricio,US,28.017,-97.5169,78.8,65,75,27.63,broken clouds
688,Nanakuli,US,21.3906,-158.1547,78.8,65,75,10.36,broken clouds
689,Southbridge,US,42.0751,-72.0334,41.0,23,8,1.01,clear sky
690,Asau,RO,46.4333,26.4,36.0,61,3,5.14,clear sky
691,Arlit,NE,18.7369,7.3853,74.97,11,63,7.96,broken clouds
692,Kaiyuan,CN,23.6977,103.3037,57.18,93,4,4.83,clear sky
693,Kaura Namoda,NG,12.5898,6.5779,81.82,16,0,9.01,clear sky
694,Gamboula,CF,4.1178,15.1393,73.63,83,94,2.55,light rain
695,Dubbo,AU,-32.25,148.6167,66.2,82,90,9.22,overcast clouds
696,Miri,MY,4.4148,114.0089,75.2,94,40,2.3,scattered clouds
697,Saint-Joseph,RE,-21.3667,55.6167,75.2,73,0,5.75,clear sky
698,Ndjole,GA,-0.1783,10.7649,76.55,94,97,2.55,overcast clouds
699,Tautira,PF,-17.7333,-149.15,87.8,66,20,8.05,few clouds
700,Salinopolis,BR,-0.6136,-47.3561,78.8,85,100,8.28,overcast clouds
701,Loja,EC,-3.9931,-79.2042,62.17,92,100,3.83,moderate rain
702,Yunhe,CN,34.0833,119.7167,41.9,82,0,4.52,clear sky
703,Kampong Thum,KH,12.7111,104.8887,74.1,73,22,5.14,few clouds
704,Kalmunai,LK,7.4167,81.8167,77.29,84,15,6.35,few clouds
